task,model,split,roc_auc,pr_auc,f1,accuracy,balanced_accuracy
acetylcholinesterase_ic50,LogisticRegression,valid,0.9833726106310552,0.985985805753366,0.9197080291970804,0.9112903225806452,0.9087457449594134
acetylcholinesterase_ic50,LogisticRegression,test,0.8884615384615384,0.8863600944033637,0.8229665071770335,0.8514056224899599,0.8479442970822281
acetylcholinesterase_ic50,RandomForest,valid,0.9727677402461378,0.979111280488668,0.9172932330827068,0.9112903225806452,0.911364231474208
acetylcholinesterase_ic50,RandomForest,test,0.879840848806366,0.8871864234910944,0.82,0.8554216867469879,0.8459549071618038
egfr_ic50,LogisticRegression,valid,0.9905523255813952,0.992893405810772,0.9555555555555556,0.9466666666666668,0.9375
egfr_ic50,LogisticRegression,test,0.9508781081551034,0.9117368536141588,0.8648648648648649,0.868421052631579,0.8704573117718657
egfr_ic50,RandomForest,valid,0.9880087209302324,0.9909229379399324,0.9555555555555556,0.9466666666666668,0.9375
egfr_ic50,RandomForest,test,0.9588767170926796,0.9477945801341724,0.912751677852349,0.9144736842105264,0.9171448443748912
