model,split,roc_auc,pr_auc,f1,accuracy,balanced_accuracy
LogisticRegression,valid,0.9948423224285293,0.9883539869682405,0.926829268292683,0.9523809523809523,0.9584438549955792
LogisticRegression,test,0.9819364161849711,0.9691877576138622,0.8987341772151899,0.9367588932806324,0.9235187861271676
RandomForest,valid,0.9898320070733864,0.9752009319020821,0.926829268292683,0.9523809523809523,0.9584438549955792
RandomForest,test,0.9652095375722544,0.9313199090914636,0.9210526315789473,0.9525691699604744,0.9317196531791907
