task,model,split,roc_auc,pr_auc,f1,accuracy,balanced_accuracy
acetylcholinesterase_ic50_raw,LogisticRegression,test,0.9819364161849712,0.9691877576138622,0.8987341772151899,0.9367588932806324,0.9235187861271676
acetylcholinesterase_ic50_raw,RandomForest,test,0.9652095375722544,0.9313199090914636,0.9210526315789472,0.9525691699604744,0.9317196531791908
egfr_ic50_raw,LogisticRegression,test,0.9755735269846508,0.9753783376995072,0.9534883720930232,0.9487179487179488,0.9460306981350056
egfr_ic50_raw,RandomForest,test,0.9709523023601254,0.961495146084646,0.9595375722543352,0.9551282051282052,0.952054794520548
