model,split,roc_auc,pr_auc,f1,accuracy,balanced_accuracy
LogisticRegression,valid,0.9844961240310077,0.9489342248677232,0.9487179487179487,0.968,0.9627310673822301
LogisticRegression,test,0.9828525169267001,0.9640921933133245,0.8690476190476191,0.9123505976095617,0.9155136885487194
RandomForest,valid,0.994335122242099,0.9876989205156771,0.9210526315789473,0.952,0.9370900417412045
RandomForest,test,0.9831100971445393,0.9664723653886484,0.9012345679012346,0.9362549800796812,0.9329555490138357
