model,split,roc_auc,pr_auc,f1,accuracy,balanced_accuracy
LogisticRegression,valid,0.9816949152542374,0.9925680438587318,0.9491525423728814,0.9285714285714286,0.9145762711864407
LogisticRegression,test,0.9675213675213675,0.9856808623694147,0.9316239316239316,0.9041916167664671,0.8858119658119659
RandomForest,valid,0.9894915254237288,0.995607561060244,0.957983193277311,0.9404761904761905,0.9230508474576271
RandomForest,test,0.9632478632478633,0.9846193558753664,0.9262295081967213,0.8922155688622755,0.8429059829059828
