task,model,split_processed,roc_auc_processed,pr_auc_processed,f1_processed,accuracy_processed,balanced_accuracy_processed,version_processed,split_raw,roc_auc_raw,pr_auc_raw,f1_raw,accuracy_raw,balanced_accuracy_raw,version_raw,roc_auc_delta,pr_auc_delta,f1_delta,accuracy_delta,balanced_accuracy_delta
acetylcholinesterase_ic50,LogisticRegression,test,0.9828525169267,0.9640921933133244,0.8690476190476191,0.9123505976095616,0.9155136885487194,processed,test,0.9819364161849712,0.9691877576138622,0.8987341772151899,0.9367588932806324,0.9235187861271676,raw,0.0009161007417287648,-0.005095564300537814,-0.02968655816757082,-0.024408295671070834,-0.00800509757844825
acetylcholinesterase_ic50,RandomForest,test,0.9831100971445392,0.9664723653886484,0.9012345679012346,0.9362549800796812,0.9329555490138356,processed,test,0.9652095375722544,0.9313199090914636,0.9210526315789472,0.9525691699604744,0.9317196531791908,raw,0.01790055957228487,0.035152456297184886,-0.01981806367771266,-0.01631418988079314,0.0012358958346447846
egfr_ic50,LogisticRegression,test,0.9731012658227848,0.963799834698752,0.9308176100628932,0.9271523178807948,0.92668776371308,processed,test,0.9755735269846508,0.9753783376995072,0.9534883720930232,0.9487179487179488,0.9460306981350056,raw,-0.0024722611618660517,-0.011578503000755247,-0.022670762030129965,-0.021565630837154015,-0.019342934421925584
egfr_ic50,RandomForest,test,0.9778481012658228,0.9776046088985384,0.9375,0.933774834437086,0.9330168776371308,processed,test,0.9709523023601254,0.961495146084646,0.9595375722543352,0.9551282051282052,0.952054794520548,raw,0.006895798905697359,0.01610946281389236,-0.022037572254335225,-0.0213533706911192,-0.01903791688341716
