model,split,roc_auc,pr_auc,f1,accuracy,balanced_accuracy
LogisticRegression,valid,0.9544444444444444,0.9339473684210526,0.8275862068965517,0.8888888888888888,0.8666666666666667
LogisticRegression,test,0.8147849462365593,0.755967383749325,0.6440677966101694,0.7692307692307693,0.7314516129032258
RandomForest,valid,0.95,0.914313725490196,0.8125,0.8666666666666667,0.8666666666666667
RandomForest,test,0.8228494623655914,0.7566408946263313,0.6666666666666666,0.7802197802197802,0.7475806451612903
