model,split,roc_auc,pr_auc,f1,accuracy,balanced_accuracy
LogisticRegression,valid,0.861111111111111,0.7359457671957672,0.72,0.7878787878787878,0.7797619047619048
LogisticRegression,test,0.8897515527950312,0.8141914308636273,0.7346938775510204,0.8,0.7960662525879918
RandomForest,valid,0.8690476190476191,0.8313446178577757,0.75,0.8181818181818182,0.8035714285714286
RandomForest,test,0.8618012422360248,0.782562015989126,0.6521739130434783,0.7538461538461538,0.7308488612836439
