model,split,roc_auc,pr_auc,f1,accuracy,balanced_accuracy
LogisticRegression,valid,0.9833726106310552,0.9859858057533659,0.9197080291970803,0.9112903225806451,0.9087457449594134
LogisticRegression,test,0.8884615384615384,0.8863600944033637,0.8229665071770335,0.8514056224899599,0.8479442970822281
RandomForest,valid,0.9727677402461378,0.9791112804886679,0.9172932330827067,0.9112903225806451,0.9113642314742079
RandomForest,test,0.879840848806366,0.8871864234910944,0.82,0.8554216867469879,0.8459549071618038
