model,split,roc_auc,pr_auc,f1,accuracy,balanced_accuracy
LogisticRegression,valid,0.9905523255813953,0.9928934058107721,0.9555555555555556,0.9466666666666667,0.9375
LogisticRegression,test,0.9508781081551034,0.9117368536141589,0.8648648648648649,0.868421052631579,0.8704573117718657
RandomForest,valid,0.9880087209302325,0.9909229379399324,0.9555555555555556,0.9466666666666667,0.9375
RandomForest,test,0.9588767170926795,0.9477945801341723,0.912751677852349,0.9144736842105263,0.9171448443748913
