model,split,roc_auc,pr_auc,f1,accuracy,balanced_accuracy
LogisticRegression,valid,0.9743055555555555,0.9722991899419641,0.9382716049382716,0.9342105263157895,0.9333333333333333
LogisticRegression,test,0.9731012658227848,0.963799834698752,0.9308176100628931,0.9271523178807947,0.9266877637130801
RandomForest,valid,0.9833333333333333,0.9827810936223875,0.95,0.9473684210526315,0.9472222222222222
RandomForest,test,0.9778481012658228,0.9776046088985384,0.9375,0.9337748344370861,0.9330168776371308
